City_ID,City,Lat,Lng,Max Temp,Humidity,Cloudiness,Wind Speed,Country,Date
0,Ambovombe,-25.1667,46.0833,68.52,88,2,4.05,MG,2022-11-17 01:29:25
1,Mataura,-46.1927,168.8643,58.48,85,100,2.8,NZ,2022-11-17 01:29:25
2,Jamestown,42.097,-79.2353,34.02,70,100,17.0,US,2022-11-17 01:29:26
3,Bethel,41.3712,-73.414,42.76,75,0,5.75,US,2022-11-17 01:25:33
4,Punta Arenas,-53.15,-70.9167,50.11,66,0,6.91,CL,2022-11-17 01:29:26
5,Atuona,-9.8,-139.0333,78.21,76,1,14.12,PF,2022-11-17 01:29:26
6,Hobart,-42.8794,147.3294,60.06,70,75,13.8,AU,2022-11-17 01:29:27
7,Cape Town,-33.9258,18.4232,61.27,71,0,13.8,ZA,2022-11-17 01:24:54
8,Bluff,-46.6,168.3333,58.8,87,100,12.66,NZ,2022-11-17 01:29:27
9,Bengkulu,-3.8004,102.2655,74.8,91,100,14.83,ID,2022-11-17 01:25:32
10,Kamaishi,39.2667,141.8833,47.84,54,42,5.53,JP,2022-11-17 01:29:28
11,Busselton,-33.65,115.3333,59.9,70,98,19.35,AU,2022-11-17 01:29:23
12,Hambantota,6.1241,81.1185,73.74,100,20,2.3,LK,2022-11-17 01:29:28
13,Hilo,19.7297,-155.09,80.11,86,100,5.75,US,2022-11-17 01:28:52
14,Ormara,25.2088,64.6357,76.41,71,0,5.1,PK,2022-11-17 01:29:29
15,Syamzha,60.0158,41.0614,25.32,89,100,6.24,RU,2022-11-17 01:29:29
16,Taoudenni,22.6783,-3.9836,72.64,17,0,9.35,ML,2022-11-17 01:29:29
17,Butaritari,3.0707,172.7902,81.18,73,20,17.58,KI,2022-11-17 01:29:30
18,Cidreira,-30.1811,-50.2056,66.97,59,0,4.7,BR,2022-11-17 01:29:30
19,Ushuaia,-54.8,-68.3,51.46,54,75,4.61,AR,2022-11-17 01:29:30
20,Cozumel,20.5083,-86.9458,81.07,83,0,4.0,MX,2022-11-17 01:25:31
21,Durazno,-33.4131,-56.5006,68.23,44,6,9.04,UY,2022-11-17 01:29:31
22,Namwala,-15.7504,26.4384,69.67,74,0,2.19,ZM,2022-11-17 01:29:31
23,Mehamn,71.0357,27.8492,40.95,45,47,18.41,NO,2022-11-17 01:29:31
24,Tuktoyaktuk,69.4541,-133.0374,15.8,67,40,12.66,CA,2022-11-17 01:29:32
25,Pisco,-13.7,-76.2167,64.45,82,0,14.97,PE,2022-11-17 01:25:16
26,Coquimbo,-29.9533,-71.3436,58.73,94,0,6.91,CL,2022-11-17 01:29:32
27,Vaini,-21.2,-175.2,80.76,74,20,4.61,TO,2022-11-17 01:29:25
28,Vila Franca Do Campo,37.7167,-25.4333,63.19,89,100,6.31,PT,2022-11-17 01:29:32
29,Saldanha,-33.0117,17.9442,55.45,77,89,15.41,ZA,2022-11-17 01:29:33
30,Victoria,22.2855,114.1577,78.96,81,74,11.01,HK,2022-11-17 01:27:29
31,Qaanaaq,77.484,-69.3632,-4.22,93,100,4.92,GL,2022-11-17 01:29:33
32,Rikitea,-23.1203,-134.9692,73.27,89,100,24.02,PF,2022-11-17 01:29:33
33,East London,-33.0153,27.9116,64.98,79,100,2.19,ZA,2022-11-17 01:29:34
34,Omboue,-1.5746,9.2618,75.22,89,99,8.01,GA,2022-11-17 01:29:34
35,Kununurra,-15.7667,128.7333,82.38,78,43,4.61,AU,2022-11-17 01:29:34
36,Skjervoy,70.0311,20.9714,26.6,44,9,6.42,NO,2022-11-17 01:29:35
37,Tura,25.5198,90.2201,62.58,88,0,3.85,IN,2022-11-17 01:29:35
38,Jardim,-21.4803,-56.1381,67.19,76,0,4.7,BR,2022-11-17 01:25:26
39,Brae,60.3964,-1.353,46.96,88,100,39.95,GB,2022-11-17 01:27:34
40,Neveklov,49.7537,14.5329,42.08,94,22,1.72,CZ,2022-11-17 01:29:36
41,Flinders,-34.5833,150.8552,66.18,54,39,5.01,AU,2022-11-17 01:29:36
42,Pasni,25.2631,63.471,76.66,70,5,8.55,PK,2022-11-17 01:29:36
43,Chatrapur,19.35,84.9833,65.97,68,2,7.2,IN,2022-11-17 01:29:37
44,Nuuk,64.1835,-51.7216,23.61,80,75,11.01,GL,2022-11-17 01:29:37
45,Kamloops,50.6665,-120.3192,29.75,87,100,5.75,CA,2022-11-17 01:29:37
46,Puerto Escondido,15.85,-97.0667,81.43,65,75,3.44,MX,2022-11-17 01:25:32
47,Ilulissat,69.2167,-51.1,15.82,73,100,6.91,GL,2022-11-17 01:29:28
48,Nanakuli,21.3906,-158.1547,84.15,47,40,11.5,US,2022-11-17 01:30:38
49,Nuevo Laredo,27.4763,-99.5164,52.07,50,100,5.75,MX,2022-11-17 01:27:35
50,Cabo San Lucas,22.8909,-109.9124,78.51,67,40,8.05,MX,2022-11-17 01:27:03
51,Kodiak,57.79,-152.4072,44.11,93,100,18.41,US,2022-11-17 01:29:25
52,Arraial Do Cabo,-22.9661,-42.0278,71.91,77,97,13.96,BR,2022-11-17 01:30:39
53,Albany,42.6001,-73.9662,37.56,89,47,8.75,US,2022-11-17 01:29:19
54,Tautira,-17.7333,-149.15,77.94,79,89,8.59,PF,2022-11-17 01:25:39
55,Fortuna,40.5982,-124.1573,51.98,87,0,4.61,US,2022-11-17 01:30:39
56,Saint-Joseph,-21.3667,55.6167,64.78,71,10,4.85,RE,2022-11-17 01:30:19
57,Kisangani,0.5167,25.2,68.67,100,98,0.98,CD,2022-11-17 01:30:40
58,Carnarvon,-24.8667,113.6333,68.4,51,91,15.5,AU,2022-11-17 01:30:40
59,Cockburn Town,21.4612,-71.1419,82.36,74,40,9.22,TC,2022-11-17 01:30:40
60,Bara,10.3744,10.7288,69.22,36,70,5.91,NG,2022-11-17 01:30:41
61,Bredasdorp,-34.5322,20.0403,54.68,74,100,3.2,ZA,2022-11-17 01:30:41
62,Vaitape,-16.5167,-151.75,79.65,72,96,1.45,PF,2022-11-17 01:30:41
63,Alice Springs,-23.7,133.8833,76.55,44,75,16.11,AU,2022-11-17 01:30:42
64,Mount Gambier,-37.8333,140.7667,57.49,61,100,5.75,AU,2022-11-17 01:30:42
65,Santa Isabel Do Rio Negro,-0.4139,-65.0192,74.84,98,99,0.63,BR,2022-11-17 01:30:42
66,Saint-Philippe,-21.3585,55.7679,65.79,75,19,5.68,RE,2022-11-17 01:30:43
67,Sokolo,14.7328,-6.1219,75.97,17,37,8.75,ML,2022-11-17 01:30:43
68,Ostrovnoy,68.0531,39.5131,30.63,88,100,10.13,RU,2022-11-17 01:30:43
69,Biak,-0.9131,122.8766,82.71,74,100,4.85,ID,2022-11-17 01:30:44
70,Mangan,27.5167,88.5333,62.91,54,62,0.89,IN,2022-11-17 01:30:44
71,Surgut,61.25,73.4167,-15.92,75,0,2.24,RU,2022-11-17 01:29:11
72,Abha,18.2164,42.5053,51.62,50,0,0.0,SA,2022-11-17 01:30:44
73,Broome,42.2506,-75.833,36.19,83,100,11.5,US,2022-11-17 01:30:45
74,Moshenskoye,58.5102,34.5911,28.36,96,100,6.44,RU,2022-11-17 01:30:45
75,Upata,8.0086,-62.3989,71.08,95,100,3.51,VE,2022-11-17 01:30:45
76,Loiza,18.4313,-65.8802,81.07,83,40,11.5,PR,2022-11-17 01:30:46
77,Talnakh,69.4865,88.3972,-29.99,99,59,2.13,RU,2022-11-17 01:30:46
78,Ca Mau,9.1769,105.15,84.6,72,59,11.74,VN,2022-11-17 01:30:46
79,Semnan,35.5729,53.3971,49.84,37,75,2.3,IR,2022-11-17 01:30:47
80,Kirakira,-10.4544,161.9205,83.01,80,72,5.35,SB,2022-11-17 01:30:47
81,Torbay,47.6666,-52.7314,33.58,79,100,5.75,CA,2022-11-17 01:30:47
82,Iqaluit,63.7506,-68.5145,8.33,85,100,14.97,CA,2022-11-17 01:28:46
83,Taksimo,56.3444,114.8794,13.23,86,90,0.36,RU,2022-11-17 01:30:48
84,Komsomolskiy,40.4272,71.7189,36.32,80,9,0.0,UZ,2022-11-17 01:30:48
85,Lucea,18.451,-78.1736,80.46,82,61,9.15,JM,2022-11-17 01:30:48
86,Ust-Ishim,57.6935,71.1665,-8.3,95,22,3.98,RU,2022-11-17 01:30:49
87,Usinsk,65.9939,57.5281,-11.04,96,15,9.95,RU,2022-11-17 01:30:49
88,Kaduna,10.5222,7.4383,67.21,37,4,6.22,NG,2022-11-17 01:28:10
89,Garden City,42.3256,-83.331,35.89,90,100,11.5,US,2022-11-17 01:30:49
90,Sugod,12.987,124.0805,82.13,84,69,8.97,PH,2022-11-17 01:30:50
91,Achinsk,56.2694,90.4993,26.67,95,100,14.12,RU,2022-11-17 01:30:51
92,Garowe,8.4054,48.4845,70.38,76,5,9.06,SO,2022-11-17 01:30:52
93,Batasan,12.7667,120.7833,84.33,67,100,0.63,PH,2022-11-17 01:30:52
94,Sur,22.5667,59.5289,74.84,74,5,1.86,OM,2022-11-17 01:31:52
95,Kapaa,22.0752,-159.319,80.58,66,75,11.5,US,2022-11-17 01:31:53
96,Wlingi,-8.0776,112.3311,84.27,67,91,2.8,ID,2022-11-17 01:31:53
97,Clyde River,70.4692,-68.5914,1.63,85,100,19.57,CA,2022-11-17 01:27:44
98,Conde,-7.2597,-34.9075,78.26,78,20,3.44,BR,2022-11-17 01:31:53
99,Salalah,17.0151,54.0924,73.49,64,0,4.61,OM,2022-11-17 01:31:54
100,Slave Lake,55.2834,-114.769,17.58,67,40,14.97,CA,2022-11-17 01:31:54
101,Nikolskoye,59.7035,30.7861,33.69,91,100,7.34,RU,2022-11-17 01:31:54
102,Kaitangata,-46.2817,169.8464,58.89,77,90,7.31,NZ,2022-11-17 01:31:55
103,Russell,32.3502,-85.1999,47.8,66,0,4.61,US,2022-11-17 01:31:55
104,Lebu,-37.6167,-73.65,56.01,94,43,8.41,CL,2022-11-17 01:31:55
105,Hermanus,-34.4187,19.2345,51.8,72,99,4.59,ZA,2022-11-17 01:31:56
106,Beringovskiy,63.05,179.3167,31.55,95,100,3.83,RU,2022-11-17 01:31:56
107,Masuda,34.6667,131.85,55.67,67,75,8.05,JP,2022-11-17 01:31:56
108,Nhulunbuy,-12.2333,136.7667,90.21,58,75,5.75,AU,2022-11-17 01:31:57
109,Thompson,55.7435,-97.8558,15.96,86,100,13.8,CA,2022-11-17 01:31:57
110,Paamiut,61.994,-49.6678,11.48,80,49,9.28,GL,2022-11-17 01:31:58
111,Basco,20.4487,121.9702,80.87,71,6,16.55,PH,2022-11-17 01:31:45
112,Krasnyy Yar,46.5331,48.3456,39.13,84,100,11.16,RU,2022-11-17 01:31:58
113,Upernavik,72.7868,-56.1549,11.62,93,99,13.87,GL,2022-11-17 01:30:36
114,Khromtau,50.2503,58.4347,22.12,92,100,6.98,KZ,2022-11-17 01:31:59
115,Souillac,-20.5167,57.5167,70.18,78,40,3.44,MU,2022-11-17 01:31:59
116,Khatanga,71.9667,102.5,-30.39,100,94,5.23,RU,2022-11-17 01:31:59
117,Saint-Ambroise,48.5501,-71.3324,25.34,95,100,3.18,CA,2022-11-17 01:30:24
118,Saskylakh,71.9167,114.0833,-24.57,98,100,4.65,RU,2022-11-17 01:32:00
119,Norman Wells,65.282,-126.8329,-0.36,85,40,0.0,CA,2022-11-17 01:32:00
120,Divnogorsk,55.9594,92.3619,30.74,86,100,12.68,RU,2022-11-17 01:32:00
121,Dikson,73.5069,80.5464,1.38,94,100,16.91,RU,2022-11-17 01:30:42
122,Devonport,-41.1667,146.35,62.1,52,49,7.83,AU,2022-11-17 01:32:01
123,Shenzhen,22.5455,114.0683,78.85,84,82,4.85,CN,2022-11-17 01:31:47
124,Hithadhoo,-0.6,73.0833,80.85,77,100,10.74,MV,2022-11-17 01:32:02
125,Linjiang,41.8069,126.9078,43.21,41,9,2.95,CN,2022-11-17 01:32:02
126,Katsuura,35.1333,140.3,61.05,67,91,15.37,JP,2022-11-17 01:31:49
127,Avarua,-21.2078,-159.775,78.85,65,68,16.11,CK,2022-11-17 01:32:02
128,Cananeia,-25.0147,-47.9267,66.97,85,0,1.3,BR,2022-11-17 01:32:03
129,Luba,3.4568,8.5547,78.69,84,34,7.16,GQ,2022-11-17 01:32:03
130,Develi,38.3906,35.4922,27.75,88,50,4.38,TR,2022-11-17 01:32:04
131,Chuy,-33.6971,-53.4616,60.76,83,0,5.23,UY,2022-11-17 01:32:04
132,Hareid,62.3714,6.0263,51.73,42,99,5.68,NO,2022-11-17 01:32:04
133,Castro,-24.7911,-50.0119,56.77,86,0,6.24,BR,2022-11-17 01:29:23
134,Geraldton,-28.7667,114.6,61.21,82,75,11.5,AU,2022-11-17 01:32:05
135,Aquiraz,-3.9014,-38.3911,80.69,74,26,11.12,BR,2022-11-17 01:32:05
136,Acapulco,16.8634,-99.8901,82.22,78,75,3.44,MX,2022-11-17 01:28:26
137,Esperance,-33.8667,121.9,73.17,51,6,9.64,AU,2022-11-17 01:32:08
138,Longyearbyen,78.2186,15.6401,21.04,68,20,16.11,SJ,2022-11-17 01:32:08
139,Barrow,71.2906,-156.7887,28.42,74,0,18.41,US,2022-11-17 01:28:02
140,Yar-Sale,66.8333,70.8333,6.87,92,99,7.72,RU,2022-11-17 01:33:09
141,Tlapehuala,18.2167,-100.5167,76.55,62,1,3.36,MX,2022-11-17 01:33:09
142,Severo-Kurilsk,50.6789,156.125,35.46,62,100,5.91,RU,2022-11-17 01:29:02
143,Guerrero Negro,27.9769,-114.0611,67.39,40,0,5.5,MX,2022-11-17 01:32:52
144,Port Alfred,-33.5906,26.891,62.19,95,99,8.03,ZA,2022-11-17 01:33:10
145,Verkhnyaya Inta,65.9811,60.3094,-9.42,87,12,8.66,RU,2022-11-17 01:33:10
146,Bathsheba,13.2167,-59.5167,81.21,78,40,13.8,BB,2022-11-17 01:30:40
147,Praia Da Vitoria,38.7333,-27.0667,62.85,72,75,17.56,PT,2022-11-17 01:33:10
148,Mahebourg,-20.4081,57.7,70.09,78,40,3.44,MU,2022-11-17 01:33:11
149,Khandbari,27.3747,87.2039,60.13,72,71,0.27,NP,2022-11-17 01:33:11
150,Isangel,-19.55,169.2667,83.73,63,87,6.69,VU,2022-11-17 01:33:11
151,Menongue,-14.6585,17.691,61.48,95,94,3.85,AO,2022-11-17 01:33:12
152,Mayor Pablo Lagerenza,-19.9309,-60.7718,72.48,37,1,5.48,PY,2022-11-17 01:33:12
153,Pahrump,36.2083,-115.9839,53.65,27,0,1.01,US,2022-11-17 01:31:03
154,Georgetown,5.4112,100.3354,82.33,90,20,3.44,MY,2022-11-17 01:33:12
155,Sao Gabriel Da Cachoeira,-0.1303,-67.0892,74.01,98,100,1.14,BR,2022-11-17 01:33:13
156,Vardo,70.3705,31.1107,35.58,48,72,12.66,NO,2022-11-17 01:33:13
157,Nishihara,26.1842,127.7558,76.66,69,75,13.8,JP,2022-11-17 01:33:14
158,Mar Del Plata,-38.0023,-57.5575,66.83,88,0,4.61,AR,2022-11-17 01:33:07
159,Maarianhamina,60.0973,19.9348,33.66,80,75,8.05,AX,2022-11-17 01:33:14
160,Dudinka,69.4058,86.1778,-34.46,100,85,0.74,RU,2022-11-17 01:33:14
161,Morondava,-20.2833,44.2833,76.75,81,4,6.38,MG,2022-11-17 01:33:15
162,Sabang,5.8933,95.3214,81.63,75,100,18.63,ID,2022-11-17 01:33:15
163,Sao Filipe,14.8961,-24.4956,77.4,69,81,0.65,CV,2022-11-17 01:33:16
164,Ozernovskiy,51.5,156.5167,33.94,59,100,6.42,RU,2022-11-17 01:33:16
165,Ponferrada,42.5466,-6.5962,58.62,92,97,1.99,ES,2022-11-17 01:33:16
166,Narsaq,60.9167,-46.05,23.22,91,50,5.73,GL,2022-11-17 01:33:17
167,La Ronge,55.1001,-105.2842,14.25,73,100,19.57,CA,2022-11-17 01:30:17
168,Hay River,60.8156,-115.7999,10.38,85,75,6.91,CA,2022-11-17 01:33:17
169,Bambanglipuro,-7.95,110.2833,84.74,69,58,3.33,ID,2022-11-17 01:33:17
170,Lieksa,63.3167,30.0167,28.81,92,47,6.78,FI,2022-11-17 01:30:16
171,Awbari,26.5921,12.7805,59.63,33,0,6.38,LY,2022-11-17 01:33:18
172,Farafangana,-22.8167,47.8333,72.91,87,99,7.38,MG,2022-11-17 01:33:18
173,Chokurdakh,70.6333,147.9167,-23.24,100,84,5.23,RU,2022-11-17 01:33:19
174,Marawi,7.9986,124.2928,71.22,89,100,1.68,PH,2022-11-17 01:33:19
175,Ponta Do Sol,32.6667,-17.1,69.71,84,84,7.0,PT,2022-11-17 01:33:20
176,Port Hardy,50.6996,-127.4199,33.98,100,40,3.44,CA,2022-11-17 01:33:06
177,Pochutla,15.7432,-96.4661,80.82,76,100,3.04,MX,2022-11-17 01:33:20
178,Kresttsy,58.2452,32.5165,29.93,96,100,5.26,RU,2022-11-17 01:33:21
179,Shache,38.4167,77.2406,38.62,35,0,7.43,CN,2022-11-17 01:33:21
180,New Norfolk,-42.7826,147.0587,59.72,50,99,1.99,AU,2022-11-17 01:33:21
181,Vondrozo,-22.8167,47.2833,65.26,95,100,1.32,MG,2022-11-17 01:33:21
182,Banyo,6.75,11.8167,68.74,48,96,3.31,CM,2022-11-17 01:33:22
183,Lagunas,-5.2269,-75.6753,69.24,99,94,1.95,PE,2022-11-17 01:33:22
184,Hanna,51.6334,-111.9018,17.85,86,100,23.0,CA,2022-11-17 01:30:07
185,Lohne,52.6667,8.2333,47.41,89,99,15.99,DE,2022-11-17 01:34:23
186,Vanavara,60.34,102.2797,12.69,96,100,2.53,RU,2022-11-17 01:34:23
187,Port Elizabeth,-33.918,25.5701,63.32,80,0,10.36,ZA,2022-11-17 01:34:24
188,Mungwi,-10.1732,31.3694,63.88,84,43,3.36,ZM,2022-11-17 01:34:18
189,Faanui,-16.4833,-151.75,79.66,72,93,1.34,PF,2022-11-17 01:34:24
190,Marystown,47.1666,-55.1483,36.81,74,100,6.22,CA,2022-11-17 01:34:25
191,Yabelo,4.8833,38.0833,59.07,64,61,8.5,ET,2022-11-17 01:34:25
192,Manaus,-3.1019,-60.025,82.9,94,0,3.44,BR,2022-11-17 01:32:48
193,Tommot,58.9564,126.2925,4.59,96,100,2.13,RU,2022-11-17 01:34:27
194,Pangai,-19.8,-174.35,80.71,69,20,3.44,TO,2022-11-17 01:34:29
195,San Policarpo,12.1791,125.5072,82.2,84,100,11.86,PH,2022-11-17 01:34:31
196,Najran,17.4924,44.1277,59.65,34,14,0.49,SA,2022-11-17 01:34:32
197,Silver City,32.7701,-108.2803,42.91,52,0,6.91,US,2022-11-17 01:34:10
198,Olafsvik,64.8945,-23.7142,44.31,74,72,22.1,IS,2022-11-17 01:31:49
199,Bulgan,48.8125,103.5347,24.91,43,16,3.18,MN,2022-11-17 01:34:36
200,Yellowknife,62.456,-114.3525,1.92,92,75,2.3,CA,2022-11-17 01:34:37
201,Bonavista,48.6499,-53.1147,33.82,65,98,3.94,CA,2022-11-17 01:34:39
202,Rafraf,37.1904,10.1837,62.91,76,87,16.55,TN,2022-11-17 01:34:39
203,Urucui,-7.2294,-44.5561,78.57,49,7,0.92,BR,2022-11-17 01:34:39
204,Belmonte,-15.8631,-38.8828,75.29,92,99,7.54,BR,2022-11-17 01:34:40
205,Dunedin,-45.8742,170.5036,55.8,99,100,4.47,NZ,2022-11-17 01:32:27
206,Mpongwe,-13.5091,28.155,62.13,91,16,2.13,ZM,2022-11-17 01:34:18
207,Ngaoundere,7.3167,13.5833,64.87,46,23,3.69,CM,2022-11-17 01:34:40
208,Gizo,-8.103,156.8419,84.6,65,74,3.74,SB,2022-11-17 01:34:40
209,Jumla,29.2747,82.1838,42.35,45,2,2.66,NP,2022-11-17 01:34:41
210,Lavrentiya,65.5833,-171.0,33.51,96,100,14.25,RU,2022-11-17 01:34:41
211,Yakeshi,49.2833,120.7333,24.62,75,50,8.12,CN,2022-11-17 01:34:42
212,Umm Kaddadah,13.6017,26.6876,65.89,28,51,12.08,SD,2022-11-17 01:34:42
213,Airai,-8.9266,125.4092,74.59,54,63,2.06,TL,2022-11-17 01:34:42
214,Bintulu,3.1667,113.0333,81.01,94,40,3.44,MY,2022-11-17 01:34:43
215,Cabedelo,-6.9811,-34.8339,79.47,77,1,8.28,BR,2022-11-17 01:33:43
216,Linfen,36.0889,111.5189,54.55,41,0,3.78,CN,2022-11-17 01:34:43
217,Balikpapan,-1.2675,116.8289,81.59,89,40,3.44,ID,2022-11-17 01:34:44
218,Puerto Ayora,-0.7393,-90.3518,70.56,90,100,5.99,EC,2022-11-17 01:34:44
219,Thinadhoo,0.5333,72.9333,81.21,71,97,11.21,MV,2022-11-17 01:34:44
220,Port Macquarie,-31.4333,152.9167,68.9,49,40,15.86,AU,2022-11-17 01:31:38
221,Iisalmi,63.5592,27.1907,27.23,95,99,2.53,FI,2022-11-17 01:34:45
222,Mnogovershinnyy,53.9353,139.9242,14.9,85,47,4.76,RU,2022-11-17 01:34:45
223,Hua Hin,12.5707,99.9588,78.82,89,20,0.0,TH,2022-11-17 01:30:26
224,Beloha,-25.1667,45.05,65.19,89,0,4.74,MG,2022-11-17 01:34:46
225,Ancud,-41.8697,-73.8203,53.11,93,23,5.53,CL,2022-11-17 01:34:46
226,Dukat,62.55,155.55,-22.81,95,12,2.66,RU,2022-11-17 01:34:46
227,Ust-Nera,64.5667,143.2,-7.96,96,100,2.57,RU,2022-11-17 01:34:47
228,Sakakah,29.9697,40.2064,62.17,57,100,5.75,SA,2022-11-17 01:34:47
229,Forio,40.7342,13.8646,64.81,72,1,12.46,IT,2022-11-17 01:34:47
230,Hamilton,39.1834,-84.5333,33.94,82,100,13.8,US,2022-11-17 01:35:48
231,Fomboni,-12.28,43.7425,78.76,75,13,9.06,KM,2022-11-17 01:35:48
232,Dong Hoi,17.4833,106.6,79.99,80,24,2.28,VN,2022-11-17 01:35:48
233,Colares,38.7992,-9.4469,66.33,97,100,18.01,PT,2022-11-17 01:35:49
234,Tanout,14.9709,8.8879,65.5,26,30,10.36,NE,2022-11-17 01:35:49
235,Ambon,-3.6954,128.1814,86.14,66,40,2.3,ID,2022-11-17 01:35:49
236,Saint George,37.1041,-113.5841,46.99,34,0,5.75,US,2022-11-17 01:31:02
237,Buin,-33.7333,-70.75,76.42,53,38,2.26,CL,2022-11-17 01:35:50
238,Ust-Kan,50.9276,84.761,7.23,88,97,7.16,RU,2022-11-17 01:35:50
239,Codrington,-38.2667,141.9667,58.89,65,81,10.54,AU,2022-11-17 01:35:51
240,Arman,59.7,150.1667,3.02,84,100,8.59,RU,2022-11-17 01:35:51
241,Iturama,-19.7281,-50.1956,72.07,33,0,5.46,BR,2022-11-17 01:35:51
242,Leh,34.1667,77.5833,15.48,88,96,2.19,IN,2022-11-17 01:35:51
243,Campoverde,-8.4753,-74.8058,73.09,99,67,0.89,PE,2022-11-17 01:35:52
244,Vila Velha,-20.3297,-40.2925,71.55,98,100,3.44,BR,2022-11-17 01:35:50
245,Boca Do Acre,-8.7522,-67.3978,74.17,91,76,1.81,BR,2022-11-17 01:35:52
246,Semporna,4.4818,118.6112,82.69,80,100,5.61,MY,2022-11-17 01:35:53
247,Bubaque,11.2833,-15.8333,83.03,69,100,4.18,GW,2022-11-17 01:35:53
248,Miraflores,19.2167,-98.8083,66.87,61,2,4.25,MX,2022-11-17 01:35:53
249,Aguimes,27.9054,-15.4461,72.66,34,0,6.91,ES,2022-11-17 01:35:54
250,Fort-Shevchenko,44.5086,50.263,46.33,60,100,26.13,KZ,2022-11-17 01:35:54
251,Seminole,28.7086,-81.2081,72.05,87,40,8.05,US,2022-11-17 01:32:14
252,Ribeira Grande,38.5167,-28.7,62.78,63,15,8.01,PT,2022-11-17 01:35:55
253,Kavieng,-2.5744,150.7967,84.97,69,82,8.97,PG,2022-11-17 01:35:55
254,Vega De Alatorre,20.0333,-96.6333,66.94,84,100,16.49,MX,2022-11-17 01:35:55
255,Nome,64.5011,-165.4064,32.11,80,100,21.85,US,2022-11-17 01:35:55
256,Broken Hill,-31.95,141.4333,63.55,34,0,8.79,AU,2022-11-17 01:33:31
257,Tasiilaq,65.6145,-37.6368,35.76,83,99,26.44,GL,2022-11-17 01:31:45
258,Deputatskiy,69.3,139.9,-28.77,100,84,2.39,RU,2022-11-17 01:35:56
259,Altamira,-3.2033,-52.2064,78.3,65,74,2.19,BR,2022-11-17 01:35:56
260,Luderitz,-26.6481,15.1594,59.23,83,15,13.06,NA,2022-11-17 01:35:57
261,Erenhot,43.6475,111.9767,32.97,38,7,6.53,CN,2022-11-17 01:35:57
262,Banjar,-8.19,114.9675,83.34,75,99,1.45,ID,2022-11-17 01:35:57
263,Nioro,13.35,-15.75,75.88,71,89,3.27,GM,2022-11-17 01:35:58
264,Murray Bridge,-35.1167,139.2667,67.33,40,0,7.49,AU,2022-11-17 01:35:58
265,Bansang,13.4333,-14.65,77.56,58,57,4.09,GM,2022-11-17 01:35:58
266,Likhoslavl,57.1275,35.464,26.38,92,100,3.33,RU,2022-11-17 01:35:59
267,Salekhard,66.53,66.6019,4.3,88,29,8.46,RU,2022-11-17 01:35:59
268,Ixtapa,20.7,-105.2,76.23,83,0,6.91,MX,2022-11-17 01:35:20
269,Palmeira Das Missoes,-27.8994,-53.3136,61.45,57,2,6.02,BR,2022-11-17 01:35:59
270,Viedma,-40.8135,-62.9967,57.31,60,0,12.1,AR,2022-11-17 01:36:00
271,Mayo,38.8876,-76.5119,45.1,64,100,17.27,US,2022-11-17 01:36:00
272,Tilichiki,60.4667,166.1,12.54,90,20,4.56,RU,2022-11-17 01:36:00
273,Krasnoselkup,65.7,82.4667,-22.81,100,37,4.29,RU,2022-11-17 01:36:01
274,Aubergenville,48.96,1.8547,55.81,79,99,5.01,FR,2022-11-17 01:36:01
275,Bilibino,68.0546,166.4372,-6.14,99,90,1.05,RU,2022-11-17 01:36:01
276,Kavaratti,10.5669,72.642,81.66,72,100,4.45,IN,2022-11-17 01:36:02
277,Moyale,3.5167,39.0584,65.93,62,0,6.06,KE,2022-11-17 01:37:02
278,Surok,56.4469,48.1214,17.94,88,100,5.79,RU,2022-11-17 01:37:02
279,Plettenberg Bay,-34.0527,23.3716,58.08,79,98,5.14,ZA,2022-11-17 01:37:03
280,Bridlington,54.0831,-0.1919,54.01,87,100,15.99,GB,2022-11-17 01:37:03
281,Mitchell,43.7094,-98.0298,28.38,78,100,11.5,US,2022-11-17 01:34:57
282,Dongsheng,39.8161,109.9776,40.86,47,12,4.52,CN,2022-11-17 01:37:03
283,Okitipupa,6.5047,4.7839,72.81,95,100,1.3,NG,2022-11-17 01:37:04
284,Tessalit,20.1986,1.0114,66.97,16,51,6.62,ML,2022-11-17 01:37:04
285,Svetlaya,46.5389,138.3297,32.94,52,5,2.82,RU,2022-11-17 01:37:05
286,Cayenne,4.9333,-52.3333,78.84,89,0,0.0,GF,2022-11-17 01:37:05
287,Banda Aceh,5.5577,95.3222,82.0,72,100,12.77,ID,2022-11-17 01:37:05
288,Montague,42.5356,-72.5351,40.24,86,100,8.14,US,2022-11-17 01:37:06
289,Pittsfield,42.4501,-73.2454,38.03,85,0,10.36,US,2022-11-17 01:36:06
290,Tiznit,29.5833,-9.5,62.11,30,22,2.48,MA,2022-11-17 01:37:06
291,Vostok,46.4856,135.8833,26.96,70,88,2.53,RU,2022-11-17 01:37:07
292,Batagay,67.6333,134.6333,-38.22,97,24,3.18,RU,2022-11-17 01:37:07
293,Tabat,-2.635,115.2274,88.65,58,99,2.08,ID,2022-11-17 01:37:07
294,Agadez,19.75,10.25,61.05,29,3,9.31,NE,2022-11-17 01:37:08
295,Port Blair,11.6667,92.75,78.71,83,99,3.02,IN,2022-11-17 01:37:08
296,Lagoa,39.05,-27.9833,61.61,66,100,21.9,PT,2022-11-17 01:37:08
297,Bonnyville,54.2668,-110.735,19.2,82,100,16.55,CA,2022-11-17 01:37:09
298,Hasaki,35.7333,140.8333,59.29,61,88,17.83,JP,2022-11-17 01:37:09
299,Camiri,-20.05,-63.5167,72.16,48,100,1.05,BO,2022-11-17 01:37:09
300,Anamur,36.0751,32.8369,61.3,57,12,5.39,TR,2022-11-17 01:34:20
301,Kulhudhuffushi,6.6221,73.07,81.12,74,98,6.82,MV,2022-11-17 01:37:10
302,Bosaso,11.2842,49.1816,73.8,75,0,3.06,SO,2022-11-17 01:37:10
303,Yumen,40.2833,97.2,34.7,28,0,10.47,CN,2022-11-17 01:33:09
304,Alofi,-19.0595,-169.9187,82.29,78,75,9.22,NU,2022-11-17 01:37:10
305,Keti Bandar,24.1447,67.4497,76.19,66,0,7.63,PK,2022-11-17 01:37:11
306,Pinega,64.7001,43.3936,13.32,99,99,2.77,RU,2022-11-17 01:37:11
307,Orange Cove,36.6244,-119.3137,59.61,54,0,0.0,US,2022-11-17 01:37:11
308,Yaan,7.3833,8.5667,72.07,53,97,4.72,NG,2022-11-17 01:37:12
309,Lata,40.1629,-8.3327,63.07,97,100,10.29,PT,2022-11-17 01:34:17
310,Tofield,53.3668,-112.6686,18.72,89,100,18.7,CA,2022-11-17 01:37:12
311,Gerash,27.6652,54.1371,53.74,50,24,0.63,IR,2022-11-17 01:37:13
312,Dogondoutchi,13.6393,4.0287,73.31,18,2,8.9,NE,2022-11-17 01:37:13
313,San Patricio,28.017,-97.5169,51.67,62,100,7.11,US,2022-11-17 01:37:13
314,Melfi,40.9965,15.6514,53.94,92,9,7.34,IT,2022-11-17 01:37:14
315,Vesoul,47.5833,5.8333,54.09,75,100,19.71,FR,2022-11-17 01:37:14
316,Rupert,42.6191,-113.6772,26.55,80,0,5.75,US,2022-11-17 01:37:14
317,Walcz,53.2779,16.4712,34.7,74,51,13.96,PL,2022-11-17 01:37:03
318,Starosubkhangulovo,53.1031,57.4423,13.14,97,100,2.04,RU,2022-11-17 01:37:15
319,Yambio,4.5721,28.3955,68.72,89,100,1.1,SS,2022-11-17 01:37:15
320,Mayya,61.7333,130.2811,-36.69,94,29,5.77,RU,2022-11-17 01:37:15
321,Ranfurly,-45.1333,170.1,65.1,76,100,4.16,NZ,2022-11-17 01:37:16
322,Pacific Grove,36.6177,-121.9166,59.02,56,0,5.99,US,2022-11-17 01:34:57
323,Maltahohe,-24.8333,16.9833,67.06,17,0,3.18,NA,2022-11-17 01:37:16
324,Saint-Felicien,48.6501,-72.4491,25.48,86,100,9.22,CA,2022-11-17 01:38:17
325,Port Lincoln,-34.7333,135.8667,62.4,62,2,16.73,AU,2022-11-17 01:38:17
326,Poum,-20.2333,164.0167,79.93,76,100,5.57,NC,2022-11-17 01:38:17
327,Buala,-8.145,159.5921,84.58,69,52,1.83,SB,2022-11-17 01:38:18
328,Hermon,44.8101,-68.9134,33.75,91,100,14.97,US,2022-11-17 01:38:18
329,Wuustwezel,51.3919,4.5939,52.92,93,75,9.22,BE,2022-11-17 01:38:18
330,Kieta,-6.2167,155.6333,85.59,61,100,4.74,PG,2022-11-17 01:38:19
331,Santa Cruz,-17.8,-63.1667,76.46,73,72,5.75,BO,2022-11-17 01:34:54
332,Lasa,46.6166,10.7002,41.88,72,62,2.04,IT,2022-11-17 01:38:19
333,Much,50.9167,7.4,50.18,82,20,18.41,DE,2022-11-17 01:38:19
334,Lompoc,34.6391,-120.4579,62.74,51,0,6.91,US,2022-11-17 01:38:20
335,Ruidoso,33.3317,-105.673,31.14,70,93,9.22,US,2022-11-17 01:38:20
336,Ginda,30.6945,78.4932,43.03,30,0,6.8,IN,2022-11-17 01:38:21
337,Raisen,23.3333,77.8,61.7,59,1,4.76,IN,2022-11-17 01:38:21
338,Jalingo,8.8833,11.3667,75.2,37,100,3.74,NG,2022-11-17 01:38:21
339,Santa Fe,-31.6333,-60.7,81.99,51,56,4.0,AR,2022-11-17 01:38:22
340,Kinkala,-4.3614,14.7644,68.76,97,100,2.77,CG,2022-11-17 01:38:22
341,Todos Santos,23.45,-110.2167,76.66,69,34,3.4,MX,2022-11-17 01:38:22
342,Nouadhibou,20.931,-17.0347,73.38,56,0,12.66,MR,2022-11-17 01:38:23
343,Forestville,38.8451,-76.875,43.75,58,100,14.97,US,2022-11-17 01:38:23
344,Prachuap Khiri Khan,12.2167,99.75,81.57,81,100,0.96,TH,2022-11-17 01:38:23
345,Boende,-0.2167,20.8667,69.64,99,94,1.68,CD,2022-11-17 01:38:24
346,Koumac,-20.5667,164.2833,82.09,69,100,5.7,NC,2022-11-17 01:38:24
347,Margate,51.3813,1.3862,55.9,96,100,7.0,GB,2022-11-17 01:35:31
348,Cururupu,-1.8283,-44.8683,75.09,85,44,4.25,BR,2022-11-17 01:38:25
349,San Onofre,9.7359,-75.5263,78.49,85,100,1.83,CO,2022-11-17 01:38:25
350,Lucapa,-8.4192,20.7447,63.3,98,100,1.39,AO,2022-11-17 01:38:26
351,Bridgend,51.5058,-3.5772,49.98,95,100,4.0,GB,2022-11-17 01:38:26
352,Tuatapere,-46.1333,167.6833,60.94,82,100,5.06,NZ,2022-11-17 01:38:26
353,Lipovtsy,44.2014,131.7244,33.37,67,13,3.38,RU,2022-11-17 01:38:27
354,Muros,42.7762,-9.0603,61.09,83,100,14.99,ES,2022-11-17 01:38:27
355,Tiksi,71.6872,128.8694,-20.58,99,95,3.69,RU,2022-11-17 01:34:48
356,Mzimba,-11.9,33.6,65.3,77,15,7.72,MW,2022-11-17 01:38:27
357,Porbandar,21.6422,69.6093,75.96,52,1,10.33,IN,2022-11-17 01:38:28
358,Dori,14.0354,-0.0345,72.86,15,22,11.12,BF,2022-11-17 01:38:28
359,Popondetta,-8.7537,148.2534,92.03,50,94,6.53,PG,2022-11-17 01:33:46
360,Zhigansk,66.7697,123.3711,-16.19,88,100,13.51,RU,2022-11-17 01:38:28
361,Batticaloa,7.7102,81.6924,76.3,77,81,10.69,LK,2022-11-17 01:38:29
362,Edd,13.9297,41.6925,81.39,39,24,11.16,ER,2022-11-17 01:38:29
363,Havoysund,70.9963,24.6622,43.03,67,10,13.85,NO,2022-11-17 01:38:30
364,Cherskiy,68.75,161.3,1.8,97,100,1.52,RU,2022-11-17 01:38:30
365,Port-Gentil,-0.7193,8.7815,76.93,85,100,10.87,GA,2022-11-17 01:38:30
366,Wajima,37.4,136.9,54.28,82,75,8.05,JP,2022-11-17 01:38:31
367,Makakilo City,21.3469,-158.0858,82.72,54,40,18.41,US,2022-11-17 01:38:31
368,Lisakovsk,52.5369,62.4936,15.01,94,90,4.45,KZ,2022-11-17 01:38:31
369,Touros,-5.1989,-35.4608,78.57,70,1,11.48,BR,2022-11-17 01:38:32
370,Ahuimanu,21.4447,-157.8378,83.91,61,40,18.41,US,2022-11-17 01:39:32
371,Seguela,7.9611,-6.6731,68.68,53,27,2.57,CI,2022-11-17 01:39:32
372,Namibe,-15.1961,12.1522,69.04,79,98,8.59,AO,2022-11-17 01:38:58
373,Biograd Na Moru,43.9433,15.4519,57.9,88,98,10.07,HR,2022-11-17 01:39:33
374,Praya,14.9215,-23.5087,75.74,69,20,8.05,CV,2022-11-17 01:39:33
375,Illapel,-31.6308,-71.1653,67.05,68,0,1.5,CL,2022-11-17 01:39:33
376,Los Llanos De Aridane,28.6585,-17.9182,69.12,27,0,11.01,ES,2022-11-17 01:39:34
377,Ardakan,32.31,54.0175,58.08,37,100,2.35,IR,2022-11-17 01:39:34
378,Provideniya,64.3833,-173.3,37.51,81,100,11.18,RU,2022-11-17 01:39:34
379,Kailua,21.4022,-157.7394,84.18,61,40,10.36,US,2022-11-17 01:39:35
380,Stokmarknes,68.5646,14.9108,28.38,59,11,0.0,NO,2022-11-17 01:39:35
381,Shimoda,34.6667,138.95,62.96,55,98,6.06,JP,2022-11-17 01:37:59
382,Nanortalik,60.1432,-45.2371,20.14,74,45,20.42,GL,2022-11-17 01:39:35
383,Saint-Paul-Les-Dax,43.7272,-1.0516,63.12,91,100,4.61,FR,2022-11-17 01:39:36
384,Saint-Augustin,51.226,-58.6502,20.68,92,100,2.24,CA,2022-11-17 01:39:36
385,Collie,-33.3667,116.15,60.51,66,79,11.45,AU,2022-11-17 01:39:36
386,Ila,63.4305,10.3705,42.82,63,2,10.67,NO,2022-11-17 01:39:37
387,Buchanan,5.8808,-10.0467,76.64,87,38,3.06,LR,2022-11-17 01:39:37
388,Nizwa,22.9333,57.5333,69.08,65,77,2.46,OM,2022-11-17 01:39:37
389,Saint-Pierre,-21.3393,55.4781,67.91,55,0,5.75,RE,2022-11-17 01:39:38
390,Road Town,18.4167,-64.6167,80.69,83,40,8.05,VG,2022-11-17 01:35:31
391,Magadan,59.5667,150.8,4.53,80,100,6.67,RU,2022-11-17 01:39:38
392,Metro,-5.1131,105.3067,81.72,77,88,3.36,ID,2022-11-17 01:39:38
393,Newcastle,-32.9272,151.7765,68.99,48,0,18.41,AU,2022-11-17 01:37:58
394,Meadow Lake,34.8014,-106.5436,38.68,52,7,6.69,US,2022-11-17 01:39:39
395,Obidos,-1.9175,-55.5181,79.77,65,59,2.71,BR,2022-11-17 01:39:39
396,Cao Bang,22.6667,106.25,75.78,85,76,5.35,VN,2022-11-17 01:39:40
397,Alyangula,-13.8483,136.4192,90.48,50,70,3.04,AU,2022-11-17 01:39:40
398,Awjilah,29.1081,21.2869,61.48,37,0,10.67,LY,2022-11-17 01:39:40
399,Veselynove,47.3567,31.2349,40.21,93,46,3.91,UA,2022-11-17 01:39:41
400,Eyl,7.9803,49.8164,76.1,77,11,9.8,SO,2022-11-17 01:39:41
401,Gat,31.61,34.7642,64.4,100,17,5.32,IL,2022-11-17 01:36:04
402,Bandarbeyla,9.4942,50.8122,76.82,72,0,14.29,SO,2022-11-17 01:39:41
403,Jaru,-10.4389,-62.4664,72.68,91,61,1.88,BR,2022-11-17 01:36:54
404,Sola,-13.8833,167.55,82.54,71,9,8.08,VU,2022-11-17 01:39:42
405,Sarahan,31.5167,77.8,36.39,38,0,9.24,IN,2022-11-17 01:39:42
406,Maputo,-25.9653,32.5892,71.28,88,20,4.61,MZ,2022-11-17 01:39:43
407,Grindavik,63.8424,-22.4338,48.15,87,75,25.32,IS,2022-11-17 01:39:43
408,Regen,48.9667,13.1333,40.05,94,100,3.62,DE,2022-11-17 01:39:43
409,Qunduz,36.729,68.857,47.59,64,0,1.79,AF,2022-11-17 01:39:43
410,Lazaro Cardenas,17.9583,-102.2,77.92,84,0,2.42,MX,2022-11-17 01:39:44
411,Roseto Degli Abruzzi,42.6664,14.0227,58.95,81,4,3.58,IT,2022-11-17 01:39:44
412,West Wendover,40.7391,-114.0733,33.01,55,0,3.44,US,2022-11-17 01:39:44
413,Virden,39.5009,-89.7679,30.25,74,85,12.17,US,2022-11-17 01:39:45
414,Basoko,1.2391,23.616,69.98,97,100,2.33,CD,2022-11-17 01:39:45
415,Tacuarembo,-31.7333,-55.9833,64.81,62,0,4.29,UY,2022-11-17 01:39:45
416,Yamethin,20.4333,96.15,74.7,68,2,5.97,MM,2022-11-17 01:39:46
417,Kahului,20.8947,-156.47,84.22,63,20,16.11,US,2022-11-17 01:40:46
418,Fukue,32.6881,128.8419,61.16,63,75,2.3,JP,2022-11-17 01:37:58
419,Kurilsk,45.2333,147.8833,37.58,67,99,22.26,RU,2022-11-17 01:40:46
420,Teguldet,57.3064,88.1667,23.38,90,99,8.32,RU,2022-11-17 01:40:47
421,Kholmogory,64.2229,41.656,24.22,92,74,4.21,RU,2022-11-17 01:40:47
422,Otjimbingwe,-22.35,16.1333,72.27,28,0,1.86,NA,2022-11-17 01:40:47
423,Dembi Dolo,8.5333,34.8,55.6,77,4,4.52,ET,2022-11-17 01:40:48
424,Belyy Yar,53.6039,91.3903,31.89,66,0,11.18,RU,2022-11-17 01:40:48
425,Iralaya,15.0,-83.2333,79.14,85,98,9.51,HN,2022-11-17 01:40:48
426,Nianzishan,47.5167,122.8833,29.5,60,100,7.2,CN,2022-11-17 01:40:49
427,Alexandria,31.2156,29.9553,65.41,73,2,4.99,EG,2022-11-17 01:37:53
428,Coron,11.9986,120.2043,84.61,71,100,15.21,PH,2022-11-17 01:40:49
429,Mopti,14.6667,-4.0,75.24,16,10,9.24,ML,2022-11-17 01:40:49
430,Lorengau,-2.0226,147.2712,85.39,57,99,7.99,PG,2022-11-17 01:40:50
431,Lufilufi,-13.8745,-171.5986,85.78,74,15,11.9,WS,2022-11-17 01:40:50
432,Opuwo,-18.0607,13.84,75.4,34,97,6.31,NA,2022-11-17 01:40:50
433,Kichera,55.9375,110.0997,27.43,94,99,2.06,RU,2022-11-17 01:40:50
434,Leninskoye,41.7589,69.3864,28.58,69,59,4.68,KZ,2022-11-17 01:40:51
435,Callaway,30.153,-85.5699,51.73,70,0,11.5,US,2022-11-17 01:40:51
436,Aksay,47.26,39.87,41.25,70,100,8.99,RU,2022-11-17 01:40:51
437,Jishou,28.3167,109.7167,57.04,72,81,1.74,CN,2022-11-17 01:40:52
438,Tazovskiy,67.4667,78.7,-14.94,100,61,4.99,RU,2022-11-17 01:40:52
439,Dubbo,-32.25,148.6167,62.73,34,0,10.36,AU,2022-11-17 01:40:52
440,Alotenango,14.4803,-90.8075,65.77,92,46,6.96,GT,2022-11-17 01:40:53
441,Troitskoye,52.9821,84.6757,24.6,93,100,19.01,RU,2022-11-17 01:40:53
442,Cimarron Hills,38.8586,-104.6989,28.78,43,0,3.44,US,2022-11-17 01:40:53
443,Dingle,10.9995,122.6711,84.15,77,60,10.47,PH,2022-11-17 01:40:54
444,Praia,14.9215,-23.5087,75.74,69,20,8.05,CV,2022-11-17 01:40:54
445,Kampong Chhnang,12.1667,104.55,82.2,77,97,4.47,KH,2022-11-17 01:40:54
446,Tahta,26.7693,31.5021,63.57,49,100,6.82,EG,2022-11-17 01:40:55
447,Evensk,61.95,159.2333,5.76,87,100,6.33,RU,2022-11-17 01:40:55
448,Peniche,39.3558,-9.3811,65.1,95,100,20.56,PT,2022-11-17 01:40:55
449,Buncrana,55.1333,-7.45,40.77,91,100,2.53,IE,2022-11-17 01:40:56
450,Husavik,66.0449,-17.3389,42.8,82,100,15.86,IS,2022-11-17 01:40:56
451,Karachev,53.1229,34.9852,25.05,80,74,8.97,RU,2022-11-17 01:40:56
452,Veraval,20.9,70.3667,75.25,53,92,12.46,IN,2022-11-17 01:40:56
453,Brigantine,39.4101,-74.3646,44.06,61,0,13.8,US,2022-11-17 01:40:57
454,Pokhara,28.2333,83.9833,60.01,60,12,2.17,NP,2022-11-17 01:40:57
455,Yulara,-25.2406,130.9889,80.98,42,11,20.0,AU,2022-11-17 01:40:57
456,Sabratah,32.7933,12.4885,64.94,32,54,14.0,LY,2022-11-17 01:40:58
457,Roma,43.2128,-75.4557,37.96,91,100,3.44,US,2022-11-17 01:40:34
458,Aljezur,37.3191,-8.8033,65.86,86,100,11.54,PT,2022-11-17 01:40:58
459,Bindi,9.9167,-11.45,68.67,79,65,1.99,SL,2022-11-17 01:40:58
460,Maniitsoq,65.4167,-52.9,18.61,68,100,4.47,GL,2022-11-17 01:40:59
461,Inuvik,68.3499,-133.7218,25.66,50,40,4.61,CA,2022-11-17 01:40:59
462,Koslan,63.4564,48.8989,2.88,98,25,3.09,RU,2022-11-17 01:40:59
463,Tivaouane,14.9515,-16.8129,77.34,74,99,6.51,SN,2022-11-17 01:41:00
464,Havre-Saint-Pierre,50.2334,-63.5986,28.4,86,100,11.5,CA,2022-11-17 01:42:01
465,Goderich,43.7501,-81.7165,36.91,100,100,2.3,CA,2022-11-17 01:42:02
466,Maneadero,31.7167,-116.5667,62.1,53,0,1.01,MX,2022-11-17 01:42:03
467,Zhangye,38.9342,100.4517,36.73,25,0,7.74,CN,2022-11-17 01:42:04
468,Te Anau,-45.4167,167.7167,59.68,86,100,2.57,NZ,2022-11-17 01:42:05
469,Camalu,30.85,-116.0667,62.44,41,0,3.18,MX,2022-11-17 01:42:07
470,Axim,4.8699,-2.2405,76.93,85,59,5.53,GH,2022-11-17 01:42:10
471,Nabire,-3.3667,135.4833,85.75,67,100,3.67,ID,2022-11-17 01:42:11
472,Lac Du Bonnet,50.2536,-96.0612,13.24,97,100,2.46,CA,2022-11-17 01:42:12
473,Nantucket,41.2835,-70.0995,48.31,76,100,13.8,US,2022-11-17 01:38:33
474,Adrar,20.5022,-10.0711,72.55,23,0,10.58,MR,2022-11-17 01:42:12
475,Jurmala,56.968,23.7704,30.22,80,100,4.61,LV,2022-11-17 01:40:43
476,Ballina,-28.8667,153.5667,71.78,47,16,12.33,AU,2022-11-17 01:42:13
477,Constantine,36.365,6.6147,60.21,77,75,14.97,DZ,2022-11-17 01:42:13
478,Grajau,-5.8194,-46.1386,78.73,72,88,2.26,BR,2022-11-17 01:42:14
479,Naryan-Mar,67.6713,53.087,7.57,95,70,10.31,RU,2022-11-17 01:42:14
480,Olinda,-8.0089,-34.8553,80.33,74,40,8.05,BR,2022-11-17 01:38:01
481,Roald,62.5833,6.1333,51.94,32,100,18.41,NO,2022-11-17 01:42:15
482,Guanica,17.9716,-66.908,78.06,71,5,5.68,PR,2022-11-17 01:42:15
483,Puerto Madryn,-42.7692,-65.0385,61.16,53,8,15.9,AR,2022-11-17 01:40:55
484,Lodja,-3.4833,23.4333,66.99,98,100,1.79,CD,2022-11-17 01:42:16
485,Aloleng,16.1307,119.7824,84.97,59,17,6.6,PH,2022-11-17 01:42:16
486,Kulmbach,50.1,11.45,44.94,93,100,1.99,DE,2022-11-17 01:42:17
487,Felanitx,39.4696,3.1483,66.72,73,100,14.32,ES,2022-11-17 01:42:17
488,Ust-Maya,60.4167,134.5333,-28.84,95,51,2.71,RU,2022-11-17 01:37:54
489,Matagami,49.7502,-77.6328,15.91,86,100,4.61,CA,2022-11-17 01:42:17
490,Mikuni,36.2171,136.1519,55.31,58,100,1.28,JP,2022-11-17 01:42:18
491,Karatoulas,37.7333,21.5333,62.6,83,97,4.81,GR,2022-11-17 01:42:18
492,Santa Marta,11.2408,-74.199,84.88,70,75,7.0,CO,2022-11-17 01:42:19
493,Rudbar,30.15,62.6,57.83,27,0,3.69,AF,2022-11-17 01:42:19
494,San Cristobal,7.7669,-72.225,69.98,98,100,1.95,VE,2022-11-17 01:42:19
495,Preobrazheniye,42.9019,133.9064,42.39,45,11,2.93,RU,2022-11-17 01:42:20
496,Athabasca,54.7169,-113.2854,16.21,76,46,13.0,CA,2022-11-17 01:41:03
497,Camacari,-12.6975,-38.3242,80.37,92,48,5.75,BR,2022-11-17 01:42:20
498,Taicheng,38.731,113.228,44.82,37,0,2.46,CN,2022-11-17 01:37:53
499,San Carlos,9.6612,-68.5827,73.65,93,99,3.29,VE,2022-11-17 01:42:21
500,Faya,18.3851,42.4509,51.91,54,3,2.15,SA,2022-11-17 01:42:21
501,Coihaique,-45.5752,-72.0662,53.55,76,0,4.61,CL,2022-11-17 01:40:51
502,Constitucion,-35.3333,-72.4167,56.88,83,10,11.81,CL,2022-11-17 01:40:57
503,Yatou,37.15,122.3833,59.18,51,0,11.03,CN,2022-11-17 01:42:22
504,Doha,25.2867,51.5333,76.98,78,0,3.44,QA,2022-11-17 01:41:42
505,Oussouye,12.485,-16.5469,77.9,77,19,5.37,SN,2022-11-17 01:42:22
506,Gondar,12.6,37.4667,54.41,53,21,5.01,ET,2022-11-17 01:42:23
507,Kampot,10.6167,104.1833,84.25,78,86,4.59,KH,2022-11-17 01:42:23
508,Quatre Cocos,-20.2078,57.7625,69.91,64,39,5.39,MU,2022-11-17 01:43:23
509,Laguna,38.421,-121.4238,59.14,55,0,4.61,US,2022-11-17 01:43:24
510,Carman,49.4992,-98.0016,27.52,93,100,6.91,CA,2022-11-17 01:43:24
511,Ahipara,-35.1667,173.1667,68.56,71,100,10.6,NZ,2022-11-17 01:39:08
512,Ponta Delgada,37.7333,-25.6667,63.5,100,75,2.3,PT,2022-11-17 01:43:25
513,Bilma,18.6853,12.9164,65.1,26,3,4.83,NE,2022-11-17 01:40:35
514,Pangnirtung,66.1451,-65.7125,-1.68,83,78,3.44,CA,2022-11-17 01:39:07
515,Stolin,51.8912,26.846,30.22,78,99,12.44,BY,2022-11-17 01:43:25
516,Northam,51.0333,-4.2167,51.26,92,100,18.05,GB,2022-11-17 01:43:26
517,Mingaora,34.7758,72.3625,47.17,49,0,7.49,PK,2022-11-17 01:42:08
518,Pedernales,18.0384,-71.744,79.52,70,10,5.64,DO,2022-11-17 01:43:26
519,Pundaguitan,6.3711,126.1689,77.61,90,100,11.9,PH,2022-11-17 01:43:26
520,Voyvozh,62.892,54.9635,-13.9,98,9,3.69,RU,2022-11-17 01:43:27
521,Suicheng,33.8963,117.9331,62.98,62,17,6.29,CN,2022-11-17 01:43:27
522,Half Moon Bay,37.4636,-122.4286,61.61,45,0,16.11,US,2022-11-17 01:43:28
523,Tabou,4.423,-7.3528,77.16,85,3,3.22,CI,2022-11-17 01:43:28
524,Itabaianinha,-11.2739,-37.79,70.09,97,11,4.9,BR,2022-11-17 01:43:28
525,Benicarlo,40.4165,0.4271,69.57,59,87,7.9,ES,2022-11-17 01:43:29
526,Kilindoni,-7.9139,39.6668,79.11,74,57,9.48,TZ,2022-11-17 01:43:29
527,Leningradskiy,69.3833,178.4167,5.34,93,100,2.77,RU,2022-11-17 01:43:29
528,Lake Cowichan,48.825,-124.0546,37.72,74,32,1.12,CA,2022-11-17 01:43:30
529,Miandrivazo,-19.5167,45.4667,75.6,84,57,1.23,MG,2022-11-17 01:43:30
530,Limoux,42.9167,2.1667,58.71,66,99,2.98,FR,2022-11-17 01:43:30
531,Manado,1.487,124.8455,86.77,70,40,3.44,ID,2022-11-17 01:43:31
532,Lodwar,3.1191,35.5973,80.06,55,5,11.32,KE,2022-11-17 01:43:31
533,Martapura,-3.4167,114.85,84.29,74,20,3.44,ID,2022-11-17 01:43:31
534,Kamenka,51.3223,42.7678,30.9,99,100,5.97,RU,2022-11-17 01:43:32
535,Rocha,-34.4833,-54.3333,58.69,85,8,3.6,UY,2022-11-17 01:43:32
536,Boueni,-12.9025,45.0761,75.18,76,66,4.94,YT,2022-11-17 01:43:32
537,Barabai,-2.5833,115.3833,88.41,59,100,2.3,ID,2022-11-17 01:43:33
538,Lawrenceburg,38.0373,-84.8966,37.98,52,100,6.91,US,2022-11-17 01:43:33
539,Rantepao,-2.9701,119.8978,79.88,69,98,2.19,ID,2022-11-17 01:43:33
540,Tiberias,32.7922,35.5312,63.45,69,86,1.25,IL,2022-11-17 01:43:34
541,Fruitvale,39.0817,-108.4968,34.38,49,0,1.01,US,2022-11-17 01:40:09
542,Karratha,-20.7377,116.8463,78.57,47,47,13.6,AU,2022-11-17 01:43:34
543,Posse,-14.0931,-46.3694,67.55,91,76,3.0,BR,2022-11-17 01:43:35
544,Mount Isa,-20.7333,139.5,85.77,17,60,12.66,AU,2022-11-17 01:43:36
545,Atar,20.5169,-13.0499,75.49,22,0,8.79,MR,2022-11-17 01:43:37
546,Haines Junction,60.7522,-137.5108,12.15,85,68,2.3,CA,2022-11-17 01:43:37
547,Hami,42.8,93.45,39.47,39,100,1.97,CN,2022-11-17 01:39:12
548,Tarauaca,-8.1614,-70.7656,72.7,99,97,2.3,BR,2022-11-17 01:43:37
549,Kidal,18.4411,1.4078,68.72,18,48,8.5,ML,2022-11-17 01:43:38
550,Teahupoo,-17.8333,-149.2667,76.96,79,76,6.64,PF,2022-11-17 01:43:38
551,Torit,4.4133,32.5678,70.27,83,13,3.91,SS,2022-11-17 01:43:38
552,Rio Grande,-32.035,-52.0986,67.6,65,0,6.22,BR,2022-11-17 01:43:39
553,Aklavik,68.2191,-135.0107,11.39,80,100,1.54,CA,2022-11-17 01:44:39
554,Southbridge,42.0751,-72.0334,41.11,89,98,1.01,US,2022-11-17 01:40:15
555,Galveston,29.3669,-94.9669,53.56,69,100,13.8,US,2022-11-17 01:42:29
556,Sete Lagoas,-19.4658,-44.2467,69.08,91,20,5.23,BR,2022-11-17 01:44:40
557,Cortez,37.3489,-108.5859,29.7,42,0,4.61,US,2022-11-17 01:44:40
558,Sisimiut,66.9395,-53.6735,22.66,93,100,20.56,GL,2022-11-17 01:44:40
559,Pevek,69.7008,170.3133,4.71,95,100,7.85,RU,2022-11-17 01:44:41
560,Seoul,37.5683,126.9778,53.17,59,0,5.75,KR,2022-11-17 01:44:41
561,Kutum,14.2,24.6667,59.11,31,84,5.1,SD,2022-11-17 01:44:41
562,College,64.8569,-147.8028,10.38,85,20,0.0,US,2022-11-17 01:44:41
563,Asfi,32.2994,-9.2372,64.29,81,88,2.17,MA,2022-11-17 01:44:42
564,Domoni,-12.2569,44.5319,75.74,85,91,4.68,KM,2022-11-17 01:44:42
565,Chara,56.9064,118.2631,14.7,86,100,0.58,RU,2022-11-17 01:44:42
566,Manjacaze,-24.7117,33.8828,66.99,79,0,4.29,MZ,2022-11-17 01:44:43
567,Tamiahua,21.2667,-97.45,63.63,76,100,13.6,MX,2022-11-17 01:44:43
568,Kelvington,52.1667,-103.5343,12.7,91,100,18.23,CA,2022-11-17 01:44:43
569,Morant Bay,17.8815,-76.4093,78.85,85,50,8.99,JM,2022-11-17 01:44:44
570,Harper,4.375,-7.7169,77.29,85,5,2.42,LR,2022-11-17 01:44:44
571,Lensk,60.7253,114.9278,24.4,96,100,2.44,RU,2022-11-17 01:44:45
572,Port-Cartier,50.0334,-66.8654,25.02,96,100,14.74,CA,2022-11-17 01:44:45
573,Poopo,-18.3667,-66.9667,48.87,44,36,5.75,BO,2022-11-17 01:44:45
574,Flin Flon,54.7682,-101.865,17.44,91,100,13.8,CA,2022-11-17 01:44:46
575,Richards Bay,-28.783,32.0377,70.52,93,97,7.31,ZA,2022-11-17 01:44:46
576,Antalaha,-14.9003,50.2788,70.11,92,11,4.21,MG,2022-11-17 01:44:46
577,Kloulklubed,7.0419,134.2556,79.3,81,100,15.19,PW,2022-11-17 01:44:46
578,Mao,39.8885,4.2658,66.76,72,0,9.22,ES,2022-11-17 01:44:47
579,Skagen,57.7209,10.5839,44.98,67,95,31.09,DK,2022-11-17 01:44:47
580,Ekhabi,53.5102,142.9671,22.15,77,13,8.3,RU,2022-11-17 01:44:47
581,Burayevo,55.8407,55.4083,13.15,95,38,4.65,RU,2022-11-17 01:44:48
582,Guilin,25.2819,110.2864,59.11,92,100,3.47,CN,2022-11-17 01:44:48
583,Chapais,49.7834,-74.8492,17.38,95,100,5.17,CA,2022-11-17 01:44:49
584,Barentu,15.1139,37.5928,70.93,45,37,2.46,ER,2022-11-17 01:44:49
585,Nola,40.922,14.5329,64.92,93,11,2.04,IT,2022-11-17 01:44:49
586,Malakal,9.5334,31.6605,73.96,36,7,5.03,SS,2022-11-17 01:41:42
587,Safranbolu,41.2508,32.6942,42.73,74,37,1.95,TR,2022-11-17 01:44:50
588,Churapcha,62.0025,132.4325,-26.57,94,34,6.13,RU,2022-11-17 01:44:50
589,Bingol,38.8847,40.4939,39.76,98,100,2.71,TR,2022-11-17 01:44:50
590,Itagiba,-14.2836,-39.8428,70.36,99,100,1.7,BR,2022-11-17 01:44:51
591,Borisoglebsk,51.3671,42.0849,31.91,99,100,3.78,RU,2022-11-17 01:44:51
592,Faro,37.0194,-7.9322,64.18,100,75,12.66,PT,2022-11-17 01:44:51
593,Rapar,23.5667,70.6333,73.67,50,0,5.39,IN,2022-11-17 01:44:52
594,Tchibanga,-2.85,11.0333,70.79,98,100,1.9,GA,2022-11-17 01:44:52
595,Guangshui,31.6199,113.9978,59.95,43,1,1.57,CN,2022-11-17 01:44:52
596,Leshan,29.5623,103.7639,59.45,67,8,0.58,CN,2022-11-17 01:44:53
597,Caldwell,43.6629,-116.6874,35.47,78,0,5.75,US,2022-11-17 01:45:53
598,Mangrol,21.1167,70.1167,74.43,53,22,10.96,IN,2022-11-17 01:43:27
599,Palu,-0.8917,119.8707,89.78,57,100,2.3,ID,2022-11-17 01:45:53
600,Gopalur,16.6167,77.8,65.73,48,3,5.37,IN,2022-11-17 01:45:54
601,Santiago De Cao,-7.9589,-79.2392,62.73,88,100,10.36,PE,2022-11-17 01:45:54
602,Tomatlan,19.9333,-105.25,72.18,84,0,2.71,MX,2022-11-17 01:45:54
603,Yanam,16.7333,82.2167,70.16,65,100,3.06,IN,2022-11-17 01:45:55
604,Amga,60.8953,131.9608,-23.64,95,53,2.51,RU,2022-11-17 01:45:55
605,Arandis,-22.4167,14.9667,62.94,51,5,3.02,NA,2022-11-17 01:45:55
606,Longuenesse,50.734,2.2352,53.71,81,84,25.64,FR,2022-11-17 01:45:56
607,Suraabad,40.8192,49.4687,54.72,62,38,7.05,AZ,2022-11-17 01:45:56
608,Havelock,34.8791,-76.9013,54.93,88,0,3.44,US,2022-11-17 01:45:57
609,San Quintin,30.4833,-115.95,61.52,54,0,1.77,MX,2022-11-17 01:45:57
610,Palmas Bellas,9.2319,-80.0867,79.34,90,100,5.19,PA,2022-11-17 01:45:57
611,Punta,8.9897,125.34,79.2,80,100,7.56,PH,2022-11-17 01:45:58
612,Ovsyanka,55.9575,92.5519,33.22,88,100,10.89,RU,2022-11-17 01:45:58
613,La Sarre,48.8002,-79.1996,19.27,94,100,7.07,CA,2022-11-17 01:45:58
614,Chizhou,30.6578,117.4831,57.6,78,100,1.92,CN,2022-11-17 01:45:59
615,Davila,18.4726,120.5763,84.18,62,1,4.56,PH,2022-11-17 01:45:59
616,Ipixuna,-1.7625,-48.8043,76.14,89,97,4.97,BR,2022-11-17 01:45:59
617,Porto Santo,33.072,-16.3415,68.38,88,40,13.8,PT,2022-11-17 01:46:00
618,Okhotsk,59.3833,143.3,-2.47,74,10,17.11,RU,2022-11-17 01:46:00
619,Saint-Denis,48.9167,2.3333,56.17,77,100,25.32,FR,2022-11-17 01:46:00
620,Shingu,33.7333,135.9833,62.64,45,60,2.39,JP,2022-11-17 01:46:01
621,Naranjal,-2.6667,-79.6167,73.0,87,96,3.62,EC,2022-11-17 01:46:01
622,Hays,30.0502,-98.0336,46.96,59,1,4.0,US,2022-11-17 01:45:47
623,General Roca,-39.0333,-67.5833,71.62,26,51,9.19,AR,2022-11-17 01:46:01
624,Sangar,63.9242,127.4739,-20.52,83,99,14.54,RU,2022-11-17 01:46:02
625,Trabzon,40.9167,39.8333,55.49,63,75,3.44,TR,2022-11-17 01:46:02
626,Portel,-1.9356,-50.8211,77.04,74,64,2.89,BR,2022-11-17 01:46:03
627,Whitehorse,60.7161,-135.0538,18.37,93,40,5.75,CA,2022-11-17 01:45:37
628,Dunda,-8.1167,34.25,68.56,65,94,2.57,TZ,2022-11-17 01:46:03
629,Hailar,49.2,119.7,24.75,68,41,13.71,CN,2022-11-17 01:46:04
630,Baykit,61.67,96.37,-15.25,99,51,3.96,RU,2022-11-17 01:46:04
631,Kruisfontein,-34.0033,24.7314,57.88,73,100,6.8,ZA,2022-11-17 01:46:04
632,Mpika,-11.8343,31.4529,62.56,77,41,2.98,ZM,2022-11-17 01:46:05
633,Raudeberg,61.9875,5.1352,47.07,39,0,7.72,NO,2022-11-17 01:46:05
634,Yasnyy,51.0333,59.8742,19.78,94,99,5.91,RU,2022-11-17 01:46:05
635,Bushehr,28.9684,50.8385,77.09,50,40,6.91,IR,2022-11-17 01:46:06
636,Katangli,51.7102,143.2326,23.43,69,5,8.23,RU,2022-11-17 01:46:06
637,Kysyl-Syr,63.8986,122.7617,-13.41,97,100,12.91,RU,2022-11-17 01:46:07
638,Homer,59.6425,-151.5483,35.49,87,0,0.0,US,2022-11-17 01:44:55
639,Tabas,33.5959,56.9244,53.82,28,58,2.3,IR,2022-11-17 01:46:07
640,Mkushi,-13.6202,29.3939,64.13,80,17,1.86,ZM,2022-11-17 01:46:07
641,Inirida,3.8653,-67.9239,74.73,96,100,2.48,CO,2022-11-17 01:46:08
642,Gatehouse Of Fleet,54.882,-4.1843,44.51,89,100,10.02,GB,2022-11-17 01:46:08
643,Carutapera,-1.195,-46.02,76.86,79,100,5.32,BR,2022-11-17 01:46:08
644,Roebourne,-20.7833,117.1333,79.61,45,24,12.88,AU,2022-11-17 01:47:09
645,Hobyo,5.3505,48.5268,80.31,74,64,11.79,SO,2022-11-17 01:47:09
646,Bambous Virieux,-20.3428,57.7575,70.05,78,40,3.44,MU,2022-11-17 01:47:10
647,Sergeyevka,53.88,67.4158,6.13,93,22,6.17,KZ,2022-11-17 01:47:10
648,Verkhnyaya Sinyachikha,57.976,61.6673,-1.61,99,52,0.74,RU,2022-11-17 01:47:10
649,Nouakchott,18.0858,-15.9785,78.73,46,63,7.45,MR,2022-11-17 01:47:11
650,Diapaga,12.0708,1.7889,71.19,22,12,6.13,BF,2022-11-17 01:47:11
651,Erzin,36.9559,36.2,57.99,74,93,3.6,TR,2022-11-17 01:47:12
652,Acajutla,13.5928,-89.8275,79.56,77,11,6.38,SV,2022-11-17 01:47:12
653,Along,28.1667,94.7667,63.1,56,94,0.74,IN,2022-11-17 01:47:12
654,Srednekolymsk,67.45,153.6833,-4.97,99,100,7.38,RU,2022-11-17 01:47:13
655,Georgiyevskoye,58.731,45.024,20.91,64,100,6.87,RU,2022-11-17 01:47:13
656,Huejuquilla El Alto,22.6,-103.8667,57.47,34,56,4.34,MX,2022-11-17 01:44:39
657,Almeirim,-1.5233,-52.5817,78.26,60,72,3.27,BR,2022-11-17 01:47:14
658,Stuttgart,48.7823,9.177,51.53,76,20,2.3,DE,2022-11-17 01:47:14
659,Enid,36.3956,-97.8784,33.48,70,0,5.75,US,2022-11-17 01:43:37
660,Westport,41.1415,-73.3579,45.75,76,75,6.91,US,2022-11-17 01:45:54
661,Shawnee,39.05,-95.7669,29.17,73,0,4.61,US,2022-11-17 01:47:14
662,Marienburg,54.0359,19.0266,33.87,80,8,9.82,PL,2022-11-17 01:47:15
663,Ust-Omchug,61.15,149.6333,-14.24,96,99,2.8,RU,2022-11-17 01:47:15
664,Talara,-4.5772,-81.2719,66.96,88,75,16.11,PE,2022-11-17 01:47:16
665,Shar,49.5886,81.0453,25.09,71,100,14.29,KZ,2022-11-17 01:47:16
666,Chekhov,55.1431,37.4711,24.1,92,57,2.46,RU,2022-11-17 01:47:16
667,Chipinge,-20.1883,32.6236,62.29,56,0,3.67,ZW,2022-11-17 01:47:17
668,Sao Jose Da Coroa Grande,-8.8978,-35.1478,75.87,85,17,4.88,BR,2022-11-17 01:47:17
669,Dandong,40.1292,124.3947,47.62,60,0,4.61,CN,2022-11-17 01:47:17
670,Roberval,48.5168,-72.2324,25.43,93,100,5.75,CA,2022-11-17 01:47:18
671,Itarema,-2.9248,-39.9167,78.62,71,6,14.88,BR,2022-11-17 01:47:18
672,Loralai,30.3705,68.598,47.23,35,0,5.08,PK,2022-11-17 01:47:19
673,Galesong,-5.3166,119.3661,86.02,70,99,2.28,ID,2022-11-17 01:47:19
674,Avera,33.194,-82.5271,48.25,49,100,12.75,US,2022-11-17 01:47:19
675,Ormond Beach,29.2858,-81.0559,69.08,80,100,6.91,US,2022-11-17 01:47:20
676,Borovoy,55.4333,86.0833,20.48,86,40,8.95,RU,2022-11-17 01:47:20
677,Marsa Matruh,31.3525,27.2453,64.62,69,2,9.55,EG,2022-11-17 01:47:20
678,Ruhengeri,-1.4998,29.635,59.04,98,100,1.63,RW,2022-11-17 01:47:21
679,Vestmanna,62.1564,-7.1664,49.12,81,100,24.16,FO,2022-11-17 01:47:21
680,Shahdadkot,27.8477,67.9055,66.78,45,0,5.53,PK,2022-11-17 01:47:22
681,Ornskoldsvik,63.2909,18.7153,14.95,92,3,5.75,SE,2022-11-17 01:47:22
682,Kralendijk,12.15,-68.2667,82.38,78,40,12.66,BQ,2022-11-17 01:47:22
683,Mayumba,-3.432,10.6554,75.83,86,100,9.86,GA,2022-11-17 01:47:23
684,Bundaberg,-24.85,152.35,80.22,30,63,4.0,AU,2022-11-17 01:47:23
685,Muroto,33.2833,134.15,62.58,53,94,3.94,JP,2022-11-17 01:47:23
686,Rzhyshchiv,49.9689,31.0463,34.63,99,100,10.13,UA,2022-11-17 01:47:24
687,Proletarskiy,50.7914,35.7731,30.33,97,100,13.06,RU,2022-11-17 01:47:24
688,Christchurch,-43.5333,172.6333,70.41,68,75,4.61,NZ,2022-11-17 01:47:25
689,Porto Walter,-8.2686,-72.7439,71.04,99,100,2.75,BR,2022-11-17 01:47:25
690,Oga,46.4631,10.347,34.48,80,53,3.2,IT,2022-11-17 01:47:25
